plot.name,date.collected,tree.number,inventory,stem.type,species.code,dbh.cm
SCrk114E,2/3/2014,2,RL,S,ACERUB,3.6
SCrk114E,2/3/2014,11,RL,S,ACERUB,7.9
SCrk114E,2/3/2014,18,RL,S,ACERUB,9.5
SCrk114E,2/3/2014,40,RL,S,ACERUB,14.5
SCrk114E,2/3/2014,41,RL,S,ACERUB,4.3
SCrk114E,2/3/2014,55,RL,S,ACERUB,5.5
SCrk71W,2/3/2014,1,RL,S,ACERUB,19.7
SCrk71W,2/3/2014,2,RL,S,ACERUB,16.9
SCrk71W,2/3/2014,7,RL,S,ACERUB,31.3
SCrk71W,2/3/2014,8,RL,S,ACERUB,8.6
SCrk71W,2/3/2014,9,RL,S,ACERUB,12.7
SCrk71W,2/3/2014,10,RL,S,ACERUB,19.8
SCrk71W,2/3/2014,12,RL,S,ACERUB,25.1
SCrk71W,2/3/2014,21,RL,S,ACERUB,35
SCrk113E,2/3/2014,5,RL,S,ACERUB,5
SCrk113E,2/3/2014,15,RL,S,ACESAC,5.4
SCrk113E,2/3/2014,18.1,RL,M,ACERUB,8.7
SCrk113E,2/3/2014,24,RL,S,ACERUB,3.9
SCrk113E,2/3/2014,54,RL,S,ACERUB,10.3
SCrk112E,2/3/2014,11,RL,S,ACERUB,3.7
SCrk112E,2/3/2014,40,RL,S,ACERUB,12
SCrk112E,2/3/2014,44,RL,S,ACERUB,6
SCrk112E,2/3/2014,46,RL,S,ACERUB,4.4
SCrk112E,2/3/2014,60,RL,S,ACERUB,8.5
SCrk112E,2/3/2014,61,RL,S,ACESAC,22.7
SCrk112E,2/3/2014,69,RL,S,ACESAC,4.1
SCrk112E,2/3/2014,70,RL,M,ACERUB,15.8
SCrk112E,2/3/2014,71,RL,M,ACERUB,8
SCrk112E,2/3/2014,78,RL,S,ACERUB,7.8
SCrk112E,2/3/2014,81,RL,S,ACERUB,4.8
SCrk112E,2/3/2014,85,RL,S,ACERUB,14.4
SCrk112E,2/3/2014,93,RL,S,ACERUB,10.8
SCrk112E,2/3/2014,96,RL,S,ACERUB,5.8
SCrk112E,2/3/2014,110,RL,S,ACERUB,10.2
SCrk61W,2/3/2014,4.1,RL,M,ACERUB,13.5
SCrk61W,2/3/2014,4.2,RL,M,ACERUB,11.5
SCrk61W,2/3/2014,13.1,RL,M,ACERUB,14.7
SCrk61W,2/3/2014,14,RL,S,ACERUB,16.6
SCrk61W,2/3/2014,19,RL,S,ACERUB,6.5
SCrk61W,2/3/2014,22,RL,S,ACERUB,19.2
SCrk61W,2/3/2014,23.1,RL,M,ACERUB,21.1
SCrk61W,2/3/2014,28,RL,S,ACERUB,39
SCrk61W,2/3/2014,29,RL,S,ACERUB,3.6
SCrk61W,2/3/2014,31,RL,S,ACERUB,3.5
SCrk61W,2/3/2014,35,RL,S,ACERUB,4.3
SCrk61W,2/3/2014,36,RL,S,ACERUB,8.4
SCrk125E,4/1/2015,20,RL,M,ACESAC,7.6
SCrk125E,4/1/2015,20.1,RL,M,ACESAC,8
SCrk125E,4/1/2015,27,RL,M,ACERUB,7.2
SCrk125E,4/1/2015,27.1,RL,M,ACERUB,4.5
SCrk125E,4/1/2015,28,RL,M,ACERUB,5
SCrk125E,4/1/2015,28.1,RL,M,ACERUB,3
PFPP-EDGE1,9/10/2014,1,RL,S,ACESAC,5.6
PFPP-EDGE1,9/10/2014,2,RL,S,ACESAC,9.1
PFPP-EDGE1,9/10/2014,3,RL,S,ACESAC,10.6
PFPP-EDGE1,9/10/2014,5,RL,S,ACESAC,11.9
PFPP-EDGE1,9/10/2014,7,RL,S,ACESAC,4.1
PFPP-EDGE1,9/10/2014,8,RL,S,ACESAC,14.2
PFPP-EDGE1,9/10/2014,14,RL,S,ACESAC,17.6
PFPP-EDGE1,9/10/2014,15,RL,S,ACESAC,25.2
PFPP-EDGE1,9/10/2014,16,RL,S,ACESAC,25.7
PFPP-EDGE1,9/10/2014,19,RL,S,ACESAC,9.6
PFPP-EDGE1,9/10/2014,23.1,RL,M,ACESAC,21
PFPP-EDGE1,9/10/2014,23.2,RL,M,ACESAC,12.2
PFPP-EDGE1,9/10/2014,26,RL,S,ACESAC,6.7
PFPP-EDGE1,9/10/2014,27,RL,S,ACESAC,5.9
PFPP-EDGE1,9/10/2014,28,RL,S,ACESAC,3.6
PFPP-EDGE1,9/10/2014,29,RL,S,ACESAC,11.5
PFPP-EDGE1,9/10/2014,31,RL,S,ACESAC,5.9
PFPP-EDGE1,9/10/2014,32,RL,S,ACESAC,3.4
PFPP-EDGE1,9/10/2014,34,RL,S,ACESAC,14
PFPP-EDGE1,9/10/2014,35,RL,S,ACESAC,7.4
PFPP-EDGE1,9/10/2014,36,RL,S,ACESAC,7.9
PFPP-EDGE1,9/10/2014,38,RL,S,ACESAC,7.1
PFPP-EDGE1,9/10/2014,39,RL,S,ACESAC,3.4
PFPP-EDGE1,9/10/2014,58,RL,S,ACESAC,9.3
PFPP-EDGE1,9/10/2014,41,RL,S,ACESAC,4.9
PFPP-EDGE1,9/10/2014,42,RL,S,ACESAC,6
PFPP-EDGE1,9/10/2014,44,RL,S,ACESAC,15.6
PFPP-EDGE1,9/10/2014,45,RL,S,ACESAC,3.9
PFPP-EDGE1,9/10/2014,46,RL,S,ACESAC,11.6
PFPP-EDGE1,9/10/2014,55,RL,S,ACESAC,18.2
PFPP-EDGE1,9/10/2014,56,RL,S,ACESAC,4.8
PFPP-EDGE1,9/10/2014,47,RL,S,ACESAC,8
PFPP-EDGE1,9/10/2014,48,RL,S,ACESAC,3.4
PFPP-EDGE1,9/10/2014,49,RL,S,ACESAC,9.4
PFPP-EDGE1,9/10/2014,67,RL,S,ACESAC,5.9
PFPP-EDGE1,9/10/2014,69,RL,S,ACESAC,10.6
PFPP-EDGE1,9/10/2014,66,RL,S,ACESAC,4.7
PFPP-EDGE1,9/10/2014,64,RL,S,ACESAC,4.5
PFPP-INT2,10/1/2014,1,RL,S,ACESAC,4.4
PFPP-INT2,10/1/2014,3,RL,S,ACESAC,14.9
PFPP-INT2,10/1/2014,7,RL,S,ACESAC,11.8
PFPP-INT2,10/1/2014,10,RL,S,ACESAC,15.1
PFPP-INT2,10/1/2014,12,RL,S,ACESAC,12.4
PFPP-INT2,10/1/2014,15,RL,S,ACESAC,5.2
PFPP-INT2,10/1/2014,16,RL,S,ACESAC,3.9
PFPP-INT2,10/1/2014,20,RL,S,ACESAC,4.1
PFPP-INT2,10/1/2014,24,RL,S,ACESAC,8
PFPP-INT2,10/1/2014,25,RL,S,ACESAC,10.2
PFPP-INT2,10/1/2014,28,RL,S,ACESAC,3.6
PFPP-INT2,10/1/2014,31,RL,S,ACESAC,4.4
PFPP-INT2,10/1/2014,32,RL,S,ACESAC,11.6
PFPP-INT2,10/1/2014,33,RL,S,ACERUB,21.1
PFPP-INT2,10/1/2014,35,RL,S,ACESAC,3.5
PFPP-INT2,10/1/2014,36,RL,S,ACESAC,3.1
PFPP-INT2,10/1/2014,37,RL,S,ACERUB,30.6
PFPP-INT2,10/1/2014,40,RL,S,ACESAC,9.5
PFPP-INT2,10/1/2014,42,RL,S,ACESAC,7
PFPP-INT2,10/1/2014,43,RL,S,ACESAC,4.8
PFPP-INT2,10/1/2014,45,RL,S,ACESAC,4.3
PFPP-INT2,10/1/2014,47,RL,S,ACESAC,6.2
PFPP-INT2,10/1/2014,48,RL,S,ACESAC,3.1
PFPP-INT2,10/1/2014,53,RL,S,ACESAC,5.5
PFPP-INT2,10/1/2014,56,RL,S,ACESAC,7.4
PFPP-INT2,10/1/2014,57,RL,S,ACESAC,4.7
PFPP-INT2,10/1/2014,59,RL,S,ACESAC,8.2
PFPP-INT2,10/1/2014,61,RL,S,ACESAC,6.7
PFPP-INT2,10/1/2014,62,RL,S,ACESAC,8.4
PFPP-INT4,10/29/2014,3,RL,S,ACESAC,18.8
PFPP-INT4,10/29/2014,6,RL,S,ACESAC,7
PFPP-INT4,10/29/2014,8,RL,S,ACESAC,22.9
PFPP-INT4,10/29/2014,9,RL,S,ACESAC,27.5
PFPP-INT4,10/29/2014,11,RL,S,ACESAC,23.5
PFPP-INT4,10/29/2014,12,RL,S,ACESAC,16.5
PFPP-INT4,10/29/2014,15,RL,S,ACESAC,10.9
PFPP-INT4,10/29/2014,18,RL,S,ACESAC,8.2
PFPP-INT4,10/29/2014,20,RL,S,ACESAC,9.6
PFPP-INT4,10/29/2014,21,RL,S,ACESAC,15.5
PFPP-INT4,10/29/2014,24,RL,S,ACESAC,6.2
PFPP-INT4,10/29/2014,26.1,RL,M,ACESAC,11.2
PFPP-INT4,10/29/2014,26.2,RL,M,ACESAC,21.5
PFPP-INT4,10/29/2014,28,RL,S,ACESAC,7.6
PFPP-INT4,10/29/2014,31,RL,S,ACESAC,18.7
PFPP-INT4,10/29/2014,32,RL,S,ACESAC,9.6
PFPP-INT4,10/29/2014,33,RL,S,ACESAC,6.4
PFPP-INT4,10/29/2014,34,RL,S,ACESAC,14.2
PFPP-INT4,10/29/2014,35,RL,S,ACESAC,7.6
PFPP-INT4,10/29/2014,36,RL,S,ACESAC,6.1
PFPP-INT4,10/29/2014,37,RL,S,ACESAC,4.4
PFPP-INT4,10/29/2014,38,RL,S,ACESAC,3.5
PFPP-INT4,10/29/2014,40,RL,S,ACESAC,16.8
PFPP-EDGE5,10/29/2014,1,RL,S,ACESAC,5
PFPP-EDGE5,10/29/2014,2,RL,S,ACESAC,4.3
PFPP-EDGE5,10/29/2014,3,RL,S,ACESAC,10.6
PFPP-EDGE5,10/29/2014,4,RL,S,ACESAC,6.7
PFPP-EDGE5,10/29/2014,5,RL,S,ACESAC,13.1
PFPP-EDGE5,10/29/2014,7,RL,S,ACESAC,3.9
PFPP-EDGE5,10/29/2014,8,RL,S,ACESAC,3.8
PFPP-EDGE5,10/29/2014,10,RL,S,ACESAC,5.3
PFPP-EDGE5,10/29/2014,13,RL,S,ACESAC,10.3
PFPP-EDGE5,10/29/2014,14,RL,S,ACESAC,4.5
PFPP-EDGE5,10/29/2014,15,RL,S,ACESAC,4.2
PFPP-EDGE5,10/29/2014,17,RL,S,ACESAC,5.4
PFPP-EDGE5,10/29/2014,18,RL,S,ACESAC,5.8
PFPP-EDGE5,10/29/2014,19,RL,S,ACESAC,15.5
PFPP-EDGE5,10/29/2014,22,RL,S,ACESAC,10.8
PFPP-EDGE5,10/29/2014,23,RL,S,ACESAC,5.5
PFPP-EDGE5,10/29/2014,25,RL,S,ACESAC,8
PFPP-EDGE5,10/29/2014,26,RL,S,ACESAC,5.5
PFPP-EDGE5,10/29/2014,28,RL,S,ACESAC,3.6
PFPP-EDGE5,10/29/2014,30,RL,S,ACESAC,5
PFPP-EDGE5,10/29/2014,32,RL,S,ACESAC,17.7
PFPP-EDGE5,10/29/2014,34.1,RL,M,ACESAC,4.2
PFPP-EDGE5,10/29/2014,34.2,RL,M,ACESAC,3.3
PFPP-EDGE5,10/29/2014,36,RL,S,ACESAC,9.1
PFPP-EDGE5,10/29/2014,37,RL,S,ACESAC,17.6
PFPP-EDGE5,10/29/2014,38,RL,S,ACESAC,12.1
PFPP-EDGE5,10/29/2014,39,RL,S,ACESAC,46.1
PFPP-EDGE5,10/29/2014,42,RL,S,ACESAC,10.3
PFPP-EDGE5,10/29/2014,43,RL,S,ACESAC,4.6
PFPP-EDGE5,10/29/2014,45,RL,S,ACESAC,19
PFPP-EDGE5,10/29/2014,46,RL,S,ACESAC,3.3
PFPP-EDGE5,10/29/2014,53,RL,S,ACESAC,20
PFPP-EDGE5,10/29/2014,54,RL,S,ACESAC,21.2
PFPP-EDGE3,11/3/2014,1,RL,S,ACESAC,25.6
PFPP-EDGE3,11/3/2014,3,RL,S,ACESAC,10.4
PFPP-EDGE3,11/3/2014,4,RL,S,ACESAC,3.5
PFPP-EDGE3,11/3/2014,5,RL,S,ACESAC,3.8
PFPP-EDGE3,11/3/2014,6,RL,S,ACESAC,9.1
PFPP-EDGE3,11/3/2014,8,RL,S,ACESAC,15.8
PFPP-EDGE3,11/3/2014,9,RL,S,ACESAC,29.4
PFPP-EDGE3,11/3/2014,11,RL,S,ACESAC,25.1
PFPP-EDGE3,11/3/2014,12,RL,S,ACESAC,14
PFPP-EDGE3,11/3/2014,13,RL,S,ACESAC,6.8
PFPP-EDGE3,11/3/2014,14,RL,S,ACESAC,14
PFPP-EDGE3,11/3/2014,15,RL,S,ACESAC,18.6
PFPP-EDGE3,11/3/2014,16,RL,S,ACESAC,12.2
PFPP-EDGE3,11/3/2014,17,RL,S,ACESAC,35.5
PFPP-EDGE3,11/3/2014,18,RL,S,ACESAC,17.9
PFPP-EDGE3,11/3/2014,20,RL,S,ACESAC,4.1
PFPP-INT6,11/3/2014,1,RL,S,ACESAC,3
PFPP-INT6,11/3/2014,2,RL,S,ACESAC,7.8
PFPP-INT6,11/3/2014,4,RL,S,ACESAC,7.1
PFPP-INT6,11/3/2014,6,RL,S,ACESAC,9.5
PFPP-INT6,11/3/2014,9,RL,S,ACESAC,3.9
PFPP-INT6,11/3/2014,12,RL,S,ACESAC,5.3
PFPP-INT6,11/3/2014,15,RL,S,ACESAC,8.5
PFPP-INT6,11/3/2014,16,RL,S,ACESAC,3.2
PFPP-INT6,11/3/2014,18,RL,S,ACESAC,17.6
PFPP-INT6,11/3/2014,19,RL,S,ACESAC,5.2
PFPP-INT6,11/3/2014,24,RL,S,ACESAC,5.5
PFPP-INT6,11/3/2014,26,RL,S,ACESAC,23.5
PFPP-INT6,11/3/2014,27,RL,S,ACESAC,3.9
PFPP-INT6,11/3/2014,28,RL,S,ACESAC,3.7
PFPP-INT6,11/3/2014,29,RL,S,ACESAC,3.7
PFPP-INT6,11/3/2014,32,RL,S,ACESAC,9.8
PFPP-INT6,11/3/2014,33,RL,S,ACESAC,4.4
PFPP-INT6,11/3/2014,35,RL,S,ACESAC,3.8
PFPP-INT6,11/3/2014,36,RL,S,ACESAC,10.9
PFPP-INT6,11/3/2014,38,RL,S,ACESAC,4.6
PFPP-INT6,11/3/2014,41,RL,S,ACESAC,19.5
PFPP-INT6,11/3/2014,44,RL,S,ACESAC,3.5
PFPP-INT6,11/3/2014,46,RL,S,ACESAC,20.9
PFPP-INT6,11/3/2014,48,RL,S,ACESAC,27.9
PFPP-INT6,11/3/2014,50,RL,S,ACESAC,3.2
PFPP-INT6,11/3/2014,51,RL,S,ACESAC,4.4
PFPP-INT6,11/3/2014,52,RL,S,ACESAC,6.5
PFPP-INT6,11/3/2014,54,RL,S,ACESAC,23.8
PFPP-INT6,11/3/2014,57,RL,S,ACESAC,14.3
PFPP-INT6,11/3/2014,59,RL,S,ACESAC,15.1
PFPP-INT6,11/3/2014,60,RL,S,ACESAC,6.2
EAB_02,4/18/2013,3,IL,S,ACESAC,3
EAB_02,4/18/2013,7,IL,S,ACESAC,3.2
EAB_02,4/18/2013,9,IL,S,ACESAC,4.5
EAB_02,4/18/2013,11,IL,S,ACESAC,3.3
EAB_02,4/18/2013,12,IL,S,ACESAC,4.4
EAB_02,4/18/2013,13,IL,S,ACESAC,4.5
EAB_02,4/18/2013,14,IL,S,ACESAC,3.7
EAB_02,4/18/2013,17,IL,S,ACESAC,14.8
EAB_02,4/18/2013,18,IL,S,ACESAC,13.4
EAB_02,4/18/2013,21,IL,S,ACESAC,11.2
EAB_02,4/18/2013,28.1,IL,M,ACESAC,9.9
EAB_02,4/18/2013,28.2,IL,M,ACESAC,5.5
EAB_02,4/18/2013,29,IL,S,ACESAC,10
EAB_02,4/18/2013,30,IL,S,ACESAC,8
EAB_02,4/18/2013,33,IL,S,ACESAC,29
EAB_02,4/18/2013,34,IL,S,ACESAC,51.5
EAB_02,4/18/2013,35,IL,S,ACESAC,12
EAB_02,4/18/2013,37,IL,S,ACESAC,3.8
EAB_02,4/18/2013,40,IL,S,ACESAC,8
EAB_02,4/18/2013,45.1,IL,M,ACESAC,16.3
EAB_02,4/18/2013,45.2,IL,M,ACESAC,16.5
EAB_02,4/18/2013,45.3,IL,M,ACESAC,11.1
EAB_02,4/18/2013,47,IL,S,ACESAC,4.8
EAB_02,4/18/2013,49,IL,S,ACESAC,4.4
PLOT100,9/13/2011,104.1,IL,M,ACERUB,9.5
PLOT100,9/13/2011,107,IL,S,ACERUB,7
PLOT100,9/13/2011,110,IL,S,ACERUB,9.9
PLOT100,9/13/2011,111,IL,S,ACERUB,5
PLOT100,9/13/2011,112,IL,S,ACERUB,9.3
PLOT100,9/13/2011,113,IL,S,ACERUB,7.7
PLOT100,9/13/2011,120.1,IL,M,ACERUB,8
PLOT100,9/13/2011,120.2,IL,M,ACERUB,15
PLOT100,9/13/2011,120.3,IL,M,ACERUB,7.8
PLOT100,9/13/2011,127,IL,S,ACERUB,11
PLOT100,9/13/2011,129,IL,S,ACERUB,16.8
PLOT100,9/13/2011,133,IL,S,ACERUB,12.5
PLOT200,9/13/2011,207,IL,S,ACERUB,23.1
PLOT200,9/13/2011,208,IL,S,ACERUB,11.1
PLOT200,9/13/2011,211,IL,S,ACERUB,8.7
PLOT200,9/13/2011,214,IL,S,ACERUB,6.4
PLOT200,9/13/2011,242,IL,S,ACERUB,8.35
PLOT200,9/13/2011,249,IL,S,ACERUB,6.1
PLOT200,9/13/2011,252,IL,S,ACERUB,11.3
PLOT200,9/13/2011,261,IL,S,ACERUB,6.7
PLOT200,9/13/2011,263,IL,S,ACERUB,11.8
PLOT300,9/13/2011,305.1,IL,M,ACERUB,14.8
PLOT300,9/13/2011,305.2,IL,M,ACERUB,14.9
PLOT300,9/13/2011,307.1,IL,M,ACERUB,11.6
PLOT300,9/13/2011,308,IL,S,ACERUB,19.9
PLOT300,9/13/2011,310.1,IL,M,ACERUB,5.8
PLOT300,9/13/2011,310.2,IL,M,ACERUB,10.1
PLOT300,9/13/2011,310.3,IL,M,ACERUB,13.7
PLOT300,9/13/2011,310.4,IL,M,ACERUB,7.6
PLOT300,9/13/2011,311,IL,S,ACERUB,14.5
PLOT300,9/13/2011,315,IL,S,ACERUB,17.2
PLOT300,9/13/2011,321,IL,S,ACERUB,10.8
PLOT300,9/13/2011,330.1,IL,M,ACERUB,15.4
PLOT300,9/13/2011,330.2,IL,M,ACERUB,15.8
PLOT300,9/13/2011,343.1,IL,M,ACERUB,20.2
PLOT300,9/13/2011,343.2,IL,M,ACERUB,29.3
PLOT300,9/13/2011,343.3,IL,M,ACERUB,17.1
PLOT300,9/13/2011,343.4,IL,M,ACERUB,17.5
PLOT300,9/13/2011,343.5,IL,M,ACERUB,11.8
PLOT300,9/13/2011,350.1,IL,M,ACERUB,11
PLOT300,9/13/2011,352,IL,S,ACERUB,19.4
PLOT500,9/30/2012,502,IL,S,ACERUB,12.1
PLOT500,9/30/2012,512,IL,S,ACERUB,5.2
PLOT500,9/30/2012,514,IL,S,ACERUB,7.1
PLOT500,9/30/2012,576,IL,S,ACERUB,5.8
PLOT600,9/30/2012,625,IL,S,ACERUB,18.4
PLOT600,9/30/2012,696,IL,S,ACERUB,4.3
PLOT600,9/30/2012,699,IL,S,ACERUB,11
PLOT700,9/30/2012,704.1,IL,M,ACERUB,25.1
PLOT700,9/30/2012,704.2,IL,M,ACERUB,8.2
PLOT700,9/30/2012,704.3,IL,M,ACERUB,5.5
PLOT700,9/30/2012,704.4,IL,M,ACERUB,9.7
PLOT700,9/30/2012,704.5,IL,M,ACERUB,9.3
PLOT700,9/30/2012,704.6,IL,M,ACERUB,32.1
PLOT700,9/30/2012,704.7,IL,M,ACERUB,8.7
PLOT700,9/30/2012,704.8,IL,M,ACERUB,4.9
Comp15_1,3/24/2014,1,IL,M,ACERUB,5.2
Comp15_1,3/24/2014,4,IL,M,ACERUB,4.1
Comp15_1,3/24/2014,7,IL,M,ACERUB,4.1
Comp15_1,3/24/2014,10,IL,M,ACERUB,9.6
Comp15_2,3/24/2014,19,IL,S,ACESAC,7.8
Comp15_2,3/24/2014,22,IL,S,ACESAC,10.7
Comp15_2,3/24/2014,23,IL,S,ACESAC,8.5
Comp15_2,3/24/2014,24,IL,S,ACESAC,3.2
SCrk114E,2/3/2014,1,RL,S,NYSSYL,4.3
SCrk114E,2/3/2014,5,RL,S,NYSSYL,6.1
SCrk114E,2/3/2014,7.1,RL,M,NYSSYL,3.6
SCrk114E,2/3/2014,7.2,RL,M,NYSSYL,8.5
SCrk114E,2/3/2014,8,RL,S,NYSSYL,4
SCrk114E,2/3/2014,13,RL,S,PRUSER,3.2
SCrk114E,2/3/2014,15,RL,S,PRUSER,9.3
SCrk114E,2/3/2014,16,RL,S,PRUSER,3.7
SCrk114E,2/3/2014,17,RL,S,NYSSYL,6.1
SCrk114E,2/3/2014,28,RL,S,OXYARB,20.9
SCrk114E,2/3/2014,31,RL,S,NYSSYL,5.2
SCrk114E,2/3/2014,33,RL,S,OXYARB,16.3
SCrk114E,2/3/2014,34,RL,S,NYSSYL,4.6
SCrk114E,2/3/2014,38,RL,S,OXYARB,15.3
SCrk114E,2/3/2014,39,RL,S,OXYARB,20.6
SCrk114E,2/3/2014,43,RL,S,OXYARB,20
SCrk114E,2/3/2014,44,RL,S,NYSSYL,9.7
SCrk114E,2/3/2014,45,RL,S,NYSSYL,3.4
SCrk114E,2/3/2014,46,RL,S,PRUSER,5.8
SCrk114E,2/3/2014,47,RL,S,NYSSYL,7.5
SCrk114E,2/3/2014,52,RL,S,OXYARB,11.8
SCrk114E,2/3/2014,54,RL,S,SASALB,19.6
SCrk114E,2/3/2014,60,RL,S,OXYARB,16.9
SCrk114E,2/3/2014,62,RL,S,NYSSYL,3.6
SCrk114E,2/3/2014,64,RL,S,SASALB,26.2
SCrk114E,2/3/2014,65,RL,S,NYSSYL,14
SCrk71W,2/3/2014,3,RL,S,OXYARB,4.4
SCrk71W,2/3/2014,6,RL,S,NYSSYL,3.1
SCrk71W,2/3/2014,16,RL,S,OXYARB,5.9
SCrk71W,2/3/2014,24,RL,S,SASALB,10.2
SCrk71W,2/3/2014,25,RL,S,OXYARB,11
SCrk71W,2/3/2014,28,RL,S,NYSSYL,4.3
SCrk71W,2/3/2014,29,RL,S,NYSSYL,10
SCrk71W,2/3/2014,30.1,RL,M,OXYARB,12.6
SCrk71W,2/3/2014,32,RL,S,OXYARB,9
SCrk71W,2/3/2014,37,RL,S,OXYARB,13.5
SCrk71W,2/3/2014,38,RL,S,NYSSYL,3.8
SCrk71W,2/3/2014,39,RL,S,NYSSYL,3.5
SCrk71W,2/3/2014,40,RL,S,NYSSYL,3.1
SCrk71W,2/3/2014,41,RL,S,NYSSYL,4.3
SCrk113E,2/3/2014,2,RL,S,SASALB,10.1
SCrk113E,2/3/2014,4,RL,S,OXYARB,12.9
SCrk113E,2/3/2014,8,RL,S,OXYARB,8.1
SCrk113E,2/3/2014,11,RL,S,OXYARB,15.5
SCrk113E,2/3/2014,12,RL,S,OXYARB,18.8
SCrk113E,2/3/2014,14,RL,S,CORFLO,6
SCrk113E,2/3/2014,21,RL,S,OXYARB,20.5
SCrk113E,2/3/2014,23,RL,S,NYSSYL,3.9
SCrk113E,2/3/2014,28,RL,S,OXYARB,15.2
SCrk113E,2/3/2014,38,RL,S,OXYARB,14.9
SCrk113E,2/3/2014,42,RL,S,SASALB,9
SCrk113E,2/3/2014,45,RL,S,NYSSYL,3.3
SCrk113E,2/3/2014,46,RL,S,SASALB,9.5
SCrk113E,2/3/2014,47,RL,S,OXYARB,7.5
SCrk113E,2/3/2014,59,RL,S,OXYARB,16.1
SCrk113E,2/3/2014,62,RL,S,NYSSYL,3.9
SCrk113E,2/3/2014,66.1,RL,M,OXYARB,9.1
SCrk113E,2/3/2014,68,RL,S,SASALB,10
SCrk113E,2/3/2014,73,RL,S,NYSSYL,6
SCrk112E,2/3/2014,15,RL,S,NYSSYL,3.7
SCrk112E,2/3/2014,20,RL,S,SASALB,7.3
SCrk112E,2/3/2014,24,RL,S,SASALB,7.8
SCrk112E,2/3/2014,25,RL,S,NYSSYL,5.7
SCrk112E,2/3/2014,27,RL,S,NYSSYL,7
SCrk112E,2/3/2014,28,RL,S,SASALB,7.7
SCrk112E,2/3/2014,29,RL,S,OXYARB,19.1
SCrk112E,2/3/2014,31,RL,S,NYSSYL,3.4
SCrk112E,2/3/2014,42,RL,S,PRUSER,4.8
SCrk112E,2/3/2014,48,RL,S,PRUSER,5.6
SCrk112E,2/3/2014,50,RL,S,PRUSER,21
SCrk112E,2/3/2014,51,RL,S,OXYARB,10.5
SCrk112E,2/3/2014,52,RL,S,NYSSYL,3.7
SCrk112E,2/3/2014,54,RL,S,PRUSER,16
SCrk112E,2/3/2014,56,RL,S,PRUSER,11
SCrk112E,2/3/2014,63,RL,S,NYSSYL,3.3
SCrk112E,2/3/2014,66,RL,M,SASALB,13.8
SCrk112E,2/3/2014,73,RL,S,PRUSER,11.4
SCrk112E,2/3/2014,74,RL,S,PRUSER,28.4
SCrk112E,2/3/2014,77,RL,S,PRUSER,6.5
SCrk112E,2/3/2014,87.1,RL,S,OXYARB,19.3
SCrk112E,2/3/2014,87.2,RL,S,OXYARB,7.7
SCrk112E,2/3/2014,91,RL,M,SASALB,18.6
SCrk112E,2/3/2014,94,RL,S,OXYARB,10
SCrk112E,2/3/2014,97,RL,S,SASALB,9.7
SCrk112E,2/3/2014,101,RL,S,SASALB,8.1
SCrk112E,2/3/2014,104,RL,S,OXYARB,7.4
SCrk112E,2/3/2014,112,RL,S,SASALB,7.3
SCrk112E,2/3/2014,115,RL,S,NYSSYL,4.7
SCrk61W,2/3/2014,1,RL,S,OXYARB,24
SCrk61W,2/3/2014,2,RL,S,RHOSPP,3.6
SCrk61W,2/3/2014,8.1,RL,M,RHOSPP,3.8
SCrk61W,2/3/2014,10,RL,S,NYSSYL,4
SCrk61W,2/3/2014,15,RL,S,NYSSYL,8.4
SCrk61W,2/3/2014,17,RL,S,NYSSYL,4.1
SCrk61W,2/3/2014,21,RL,S,NYSSYL,16.1
SCrk61W,2/3/2014,24,RL,S,NYSSYL,37
SCrk61W,2/3/2014,32,RL,S,OXYARB,17.7
SCrk61W,2/3/2014,38,RL,S,OXYARB,4.1
SCrk61W,2/3/2014,44,RL,S,RHOSPP,4.3
SCrk61W,2/3/2014,46.1,RL,M,RHOSPP,3.5
SCrk61W,2/3/2014,47,RL,S,RHOSPP,3
SCrk125E,4/1/2015,9,RL,S,NYSSYL,3.6
SCrk125E,4/1/2015,10,RL,S,NYSSYL,4
SCrk125E,4/1/2015,11,RL,S,OXYARB,17.9
SCrk125E,4/1/2015,15,RL,S,NYSSYL,4.5
SCrk125E,4/1/2015,17,RL,S,NYSSYL,3.3
SCrk125E,4/1/2015,18,RL,S,NYSSYL,7.3
SCrk125E,4/1/2015,38,RL,S,NYSSYL,3.3
SCrk125E,4/1/2015,41,RL,S,NYSSYL,3.4
SCrk125E,4/1/2015,42,RL,S,NYSSYL,5.8
SCrk125E,4/1/2015,43,RL,S,NYSSYL,8.1
SCrk125E,4/1/2015,44,RL,S,OXYARB,29.1
SCrk125E,4/1/2015,48,RL,S,OXYARB,16.2
SCrk125E,4/1/2015,52,RL,S,SASALB,11.9
SCrk125E,4/1/2015,53,RL,S,NYSSYL,4
SCrk125E,4/1/2015,56,RL,S,NYSSYL,5
SCrk125E,4/1/2015,67,RL,S,SASALB,8.5
SCrk125E,4/1/2015,73,RL,M,OXYARB,9.3
SCrk125E,4/1/2015,74,RL,S,OXYARB,15.5
SCrk125E,4/1/2015,76,RL,S,SASALB,24
SCrk125E,4/1/2015,78,RL,S,OXYARB,8.4
SCrk125E,4/1/2015,79,RL,S,OXYARB,23.7
SCrk125E,4/1/2015,80,RL,S,OXYARB,6.2
SCrk125E,4/1/2015,81,RL,S,OXYARB,14.2
SCrk125E,4/1/2015,84,RL,S,SASALB,15.6
SCrk125E,4/1/2015,87,RL,S,NYSSYL,8.8
SCrk125E,4/1/2015,91,RL,S,OXYARB,6.1
PFPP-EDGE1,9/10/2014,9,RL,S,PRUSER,37.5
PFPP-EDGE1,9/10/2014,13,RL,S,PRUSER,21.7
PFPP-EDGE1,9/10/2014,21,RL,S,PRUSER,29.9
PFPP-EDGE1,9/10/2014,22,RL,S,PRUSER,34.3
PFPP-EDGE1,9/10/2014,25,RL,S,PRUSER,24.5
PFPP-EDGE1,9/10/2014,30.1,RL,M,PRUSER,39.9
PFPP-EDGE1,9/10/2014,30.2,RL,M,PRUSER,37.7
PFPP-EDGE1,9/10/2014,33,RL,S,PRUSER,21.1
PFPP-EDGE1,9/10/2014,51.1,RL,M,PRUSER,47.8
PFPP-EDGE1,9/10/2014,52.1,RL,M,PRUSER,51.2
PFPP-EDGE1,9/10/2014,70,RL,S,PRUSER,23.9
PFPP-EDGE1,9/10/2014,63,RL,S,PRUSER,16.5
PFPP-EDGE1,9/10/2014,61,RL,S,PRUSER,31.5
PFPP-EDGE1,9/10/2014,60,RL,S,PRUSER,35.8
PFPP-INT2,10/1/2014,2,RL,S,PRUSER,31.9
PFPP-INT2,10/1/2014,4,RL,S,PRUSER,26.9
PFPP-INT2,10/1/2014,6,RL,S,PRUSER,36.2
PFPP-INT2,10/1/2014,14,RL,S,PRUSER,28.2
PFPP-INT2,10/1/2014,18,RL,S,PRUSER,17.7
PFPP-INT2,10/1/2014,22,RL,S,PRUSER,20.1
PFPP-INT2,10/1/2014,26,RL,S,ULMAME,15.3
PFPP-INT2,10/1/2014,34,RL,S,PRUSER,15.2
PFPP-INT2,10/1/2014,41,RL,S,ULMRUB,28.6
PFPP-INT2,10/1/2014,49,RL,S,ULMAME,4.8
PFPP-INT2,10/1/2014,50,RL,S,PRUSER,30.5
PFPP-INT2,10/1/2014,52,RL,S,PRUSER,49.7
PFPP-INT2,10/1/2014,58,RL,S,PRUSER,40
PFPP-INT4,10/29/2014,4,RL,S,PRUSER,39.8
PFPP-INT4,10/29/2014,5,RL,S,ULMRUB,16.4
PFPP-INT4,10/29/2014,7,RL,S,PRUSER,31.2
PFPP-INT4,10/29/2014,10,RL,S,PRUSER,23.8
PFPP-INT4,10/29/2014,13,RL,S,PRUSER,58.6
PFPP-INT4,10/29/2014,29,RL,S,PRUSER,42.9
PFPP-EDGE5,10/29/2014,9.1,RL,M,PRUSER,30.9
PFPP-EDGE5,10/29/2014,11,RL,S,PRUSER,34.5
PFPP-EDGE5,10/29/2014,20,RL,S,PRUSER,27.3
PFPP-EDGE5,10/29/2014,24,RL,S,PRUSER,33.8
PFPP-EDGE5,10/29/2014,29,RL,S,ULMRUB,10.5
PFPP-EDGE5,10/29/2014,33,RL,S,ULMRUB,8.4
PFPP-EDGE5,10/29/2014,47,RL,S,PRUSER,20
PFPP-EDGE3,11/3/2014,7,RL,S,PRUSER,73.5
PFPP-EDGE3,11/3/2014,10,RL,S,PRUSER,43.9
PFPP-INT6,11/3/2014,3,RL,S,ULMRUB,17.6
PFPP-INT6,11/3/2014,7,RL,S,ULMRUB,10.5
PFPP-INT6,11/3/2014,10,RL,S,ULMRUB,13.9
PFPP-INT6,11/3/2014,21,RL,S,ULMRUB,19.4
PFPP-INT6,11/3/2014,22,RL,S,PRUSER,37.5
PFPP-INT6,11/3/2014,30,RL,S,PRUSER,31.8
PFPP-INT6,11/3/2014,31,RL,S,ULMRUB,3.3
PFPP-INT6,11/3/2014,45,RL,S,ULMRUB,3.8
PFPP-INT6,11/3/2014,47.1,RL,M,PRUSER,24.2
PFPP-INT6,11/3/2014,47.2,RL,M,PRUSER,33.9
PFPP-INT6,11/3/2014,55,RL,S,ULMRUB,4.7
PFPP-INT6,11/3/2014,58,RL,S,ULMRUB,9.9
EAB_02,4/18/2013,2,IL,S,ULMSPP,3.5
PLOT100,9/13/2011,103,IL,S,OXYARB,9
PLOT100,9/13/2011,108,IL,S,OXYARB,15.5
PLOT100,9/13/2011,114,IL,S,OXYARB,14.6
PLOT100,9/13/2011,122,IL,S,OXYARB,5.5
PLOT100,9/13/2011,126,IL,S,OXYARB,12.6
PLOT100,9/13/2011,131,IL,S,NYSSYL,4.8
PLOT100,9/13/2011,134,IL,S,OXYARB,4.6
PLOT100,9/13/2011,135,IL,S,NYSSYL,3.2
PLOT100,9/13/2011,137,IL,S,NYSSYL,6.9
PLOT100,9/13/2011,138,IL,S,OXYARB,15.3
PLOT100,9/13/2011,139,IL,S,NYSSYL,3
PLOT200,9/13/2011,202,IL,S,OXYARB,22.57
PLOT200,9/13/2011,204,IL,S,NYSSYL,4.05
PLOT200,9/13/2011,210,IL,S,NYSSYL,5.7
PLOT200,9/13/2011,212,IL,S,NYSSYL,8.5
PLOT200,9/13/2011,219,IL,S,NYSSYL,3.2
PLOT200,9/13/2011,220,IL,S,NYSSYL,3.21
PLOT200,9/13/2011,221,IL,S,NYSSYL,5.8
PLOT200,9/13/2011,222,IL,S,OXYARB,11.9
PLOT200,9/13/2011,224,IL,S,NYSSYL,4.7
PLOT200,9/13/2011,226,IL,S,OXYARB,16.3
PLOT200,9/13/2011,230,IL,S,NYSSYL,3.39
PLOT200,9/13/2011,234,IL,S,OXYARB,21.1
PLOT200,9/13/2011,236,IL,S,NYSSYL,10.75
PLOT200,9/13/2011,237,IL,S,NYSSYL,9.7
PLOT200,9/13/2011,238,IL,S,NYSSYL,3.24
PLOT200,9/13/2011,240,IL,S,NYSSYL,5.5
PLOT200,9/13/2011,243,IL,S,NYSSYL,6.3
PLOT200,9/13/2011,244,IL,S,NYSSYL,3.5
PLOT200,9/13/2011,246,IL,S,NYSSYL,6.7
PLOT200,9/13/2011,247,IL,S,NYSSYL,4.4
PLOT200,9/13/2011,248,IL,S,NYSSYL,5.9
PLOT200,9/13/2011,250,IL,S,OXYARB,7.9
PLOT200,9/13/2011,255,IL,S,NYSSYL,3.9
PLOT200,9/13/2011,256,IL,S,NYSSYL,4.6
PLOT200,9/13/2011,257,IL,S,NYSSYL,6.4
PLOT200,9/13/2011,259,IL,S,NYSSYL,3.9
PLOT200,9/13/2011,262,IL,S,NYSSYL,3.8
PLOT300,9/13/2011,301,IL,S,OXYARB,9.1
PLOT300,9/13/2011,304,IL,S,OXYARB,14.5
PLOT300,9/13/2011,306,IL,S,NYSSYL,8.5
PLOT300,9/13/2011,309,IL,S,OXYARB,9.5
PLOT300,9/13/2011,312,IL,S,NYSSYL,3
PLOT300,9/13/2011,313,IL,S,NYSSYL,7.4
PLOT300,9/13/2011,317,IL,S,NYSSYL,3.86
PLOT300,9/13/2011,318,IL,S,OXYARB,5.8
PLOT300,9/13/2011,324,IL,S,NYSSYL,5.3
PLOT300,9/13/2011,325,IL,S,NYSSYL,11.2
PLOT300,9/13/2011,329,IL,S,OXYARB,9.5
PLOT300,9/13/2011,331,IL,S,OXYARB,7.8
PLOT300,9/13/2011,333,IL,S,OXYARB,13.5
PLOT300,9/13/2011,335,IL,S,NYSSYL,4
PLOT300,9/13/2011,336,IL,S,NYSSYL,6
PLOT300,9/13/2011,337,IL,S,NYSSYL,6.8
PLOT300,9/13/2011,340,IL,S,NYSSYL,6.2
PLOT300,9/13/2011,344,IL,S,NYSSYL,9.5
PLOT300,9/13/2011,345,IL,S,NYSSYL,3.4
PLOT300,9/13/2011,349,IL,S,OXYARB,11
PLOT300,9/13/2011,351,IL,S,NYSSYL,8
PLOT300,9/13/2011,353,IL,S,NYSSYL,3.7
PLOT300,9/13/2011,354,IL,S,NYSSYL,7.4
PLOT300,9/13/2011,355,IL,S,NYSSYL,7.9
PLOT300,9/13/2011,356,IL,S,NYSSYL,5
PLOT300,9/13/2011,357,IL,S,NYSSYL,6.5
PLOT300,9/13/2011,358,IL,S,NYSSYL,7.1
PLOT300,9/13/2011,361,IL,S,NYSSYL,5.7
PLOT500,9/30/2012,501,IL,S,PLAOCC,34.5
PLOT500,9/30/2012,506.1,IL,M,CORFLO,9.3
PLOT500,9/30/2012,506.2,IL,M,CORFLO,5.6
PLOT500,9/30/2012,507,IL,S,PLAOCC,42.5
PLOT500,9/30/2012,510,IL,S,CORFLO,18.2
PLOT500,9/30/2012,517,IL,S,ULMAME,6.6
PLOT500,9/30/2012,521,IL,S,ULMAME,12.1
PLOT500,9/30/2012,564,IL,S,CORFLO,5.7
PLOT500,9/30/2012,568,IL,S,CORFLO,4.3
PLOT500,9/30/2012,569,IL,S,CORFLO,4.3
PLOT500,9/30/2012,578.1,IL,M,CORFLO,7.7
PLOT500,9/30/2012,578.2,IL,M,CORFLO,5.8
PLOT500,9/30/2012,578.4,IL,M,CORFLO,5.9
PLOT500,9/30/2012,580,IL,S,CORFLO,6
PLOT500,9/30/2012,581,IL,S,PLAOCC,33.5
PLOT500,9/30/2012,584,IL,S,PLAOCC,17.3
PLOT500,9/30/2012,585,IL,S,ULMAME,14.2
PLOT500,9/30/2012,591,IL,S,CORFLO,11.7
PLOT500,9/30/2012,593,IL,S,PRUAVI,13
PLOT600,9/30/2012,606,IL,S,ULMAME,6.8
PLOT600,9/30/2012,609,IL,S,PLAOCC,34.5
PLOT600,9/30/2012,622,IL,S,CORFLO,10.6
PLOT600,9/30/2012,626,IL,S,PRUAVI,10.9
PLOT600,9/30/2012,633,IL,S,PRUSER,21
PLOT600,9/30/2012,698,IL,S,CORFLO,8.4
PLOT700,9/30/2012,710,IL,S,NYSSYL,8.3
PLOT700,9/30/2012,713,IL,S,PRUVIR,10.1
PLOT700,9/30/2012,714,IL,S,AMEARB,8.5
PLOT700,9/30/2012,717,IL,S,NYSSYL,12
PLOT700,9/30/2012,718,IL,S,PRUSER,6
PLOT700,9/30/2012,723,IL,S,AMEARB,6.5
PLOT700,9/30/2012,725,IL,S,NYSSYL,9.3
PLOT700,9/30/2012,734,IL,S,CORFLO,9.3
PLOT700,9/30/2012,736,IL,S,CORFLO,3.4
PLOT700,9/30/2012,742,IL,S,CORFLO,7.9
PLOT700,9/30/2012,760,IL,S,CORFLO,8.2
PLOT700,9/30/2012,764,IL,S,PRUSER,11.9
PLOT700,9/30/2012,765,IL,S,PRUSER,11.1
PLOT800,9/30/2012,805,IL,S,NYSSYL,10.1
PLOT800,9/30/2012,809,IL,S,ULMAME,18.6
PLOT800,9/30/2012,815,IL,S,CORFLO,5.5
PLOT800,9/30/2012,816,IL,S,NYSSYL,9
PLOT800,9/30/2012,824,IL,S,NYSSYL,6.5
PLOT800,9/30/2012,828,IL,S,PLAOCC,21.2
PLOT800,9/30/2012,834,IL,S,PRUSER,6.4
PLOT800,9/30/2012,837.1,IL,M,NYSSYL,5.8
PLOT800,9/30/2012,837.2,IL,M,NYSSYL,5
PLOT800,9/30/2012,895,IL,S,NYSSYL,6.2
Comp15_1,3/24/2014,30,IL,S,PRUSER,16.6
Comp15_1,3/24/2014,38,IL,S,OXYARB,6.5
Comp15_2,3/24/2014,2,IL,S,NYSSYL,6.4
Comp15_2,3/24/2014,3,IL,S,NYSSYL,4.7
Comp15_2,3/24/2014,4,IL,S,CORFLO,7.6
Comp15_2,3/24/2014,5,IL,S,NYSSYL,6.4
Comp15_2,3/24/2014,6.1,IL,M,NYSSYL,4.4
Comp15_2,3/24/2014,8,IL,S,NYSSYL,4.4
Comp15_2,3/24/2014,11,IL,S,NYSSYL,3.4
SCrk114E,2/3/2014,27,RL,S,CARGLA,12.6
SCrk71W,2/3/2014,35,RL,S,CARTOM,6.5
SCrk112E,2/3/2014,10,RL,S,CAROVA,3.2
SCrk112E,2/3/2014,34,RL,S,CARTOM,6
SCrk125E,4/1/2015,36,RL,S,CARPAL,3.9
SCrk125E,4/1/2015,59,RL,S,CARGLA,4.7
SCrk125E,4/1/2015,62,RL,S,CARGLA,4.4
SCrk125E,4/1/2015,63,RL,S,CARGLA,7
SCrk125E,4/1/2015,75,RL,S,CARGLA,8.7
PFPP-EDGE3,11/3/2014,2,RL,S,CAROVA,55.7
PLOT200,9/13/2011,245,IL,S,CARTOM,4.2
PLOT600,9/30/2012,614,IL,S,CARSPP,17.4
PLOT700,9/30/2012,731.2,IL,M,CAROVA,18.4
PLOT700,9/30/2012,733,IL,S,CAROVA,12
Comp15_1,3/24/2014,6,IL,S,CARPAL,8.1
Comp15_1,3/24/2014,9,IL,S,CAROVA,3.2
Comp15_1,3/24/2014,11,IL,S,CARPAL,37.7
Comp15_1,3/24/2014,13,IL,S,CARGLA,50.1
Comp15_1,3/24/2014,14,IL,S,CARGLA,41
Comp15_1,3/24/2014,19,IL,S,CARGLA,35.4
Comp15_1,3/24/2014,20,IL,M,CARPAL,26
Comp15_1,3/24/2014,32,IL,S,CAROVA,19.4
Comp15_1,3/24/2014,35,IL,S,CARCOR,44
Comp15_1,3/24/2014,37,IL,S,CARCOR,40.1
Comp15_2,3/24/2014,7,IL,S,CARGLA,36.6
Comp15_2,3/24/2014,10,IL,S,CARGLA,21
Comp15_2,3/24/2014,12,IL,S,CARCOR,45.7
Comp15_2,3/24/2014,21,IL,S,CAROVA,38.5
Comp15_2,3/24/2014,32,IL,S,CARPAL,49.3
SCrk114E,2/3/2014,22,RL,S,QUEALB,30.6
SCrk114E,2/3/2014,26,RL,S,QUEMON,42.1
SCrk114E,2/3/2014,32,RL,S,QUEALB,23.8
SCrk114E,2/3/2014,35,RL,S,QUEALB,22.8
SCrk114E,2/3/2014,36,RL,S,QUEALB,19.9
SCrk114E,2/3/2014,50,RL,S,QUEALB,38.5
SCrk114E,2/3/2014,58,RL,S,QUEALB,34.2
SCrk71W,2/3/2014,4,RL,S,QUEALB,19.6
SCrk71W,2/3/2014,26,RL,S,QUEALB,52.9
SCrk71W,2/3/2014,27,RL,S,QUEALB,47.5
SCrk71W,2/3/2014,34,RL,S,QUEALB,20
SCrk71W,2/3/2014,36,RL,S,QUEALB,45.8
SCrk113E,2/3/2014,3,RL,S,QUEALB,42.6
SCrk113E,2/3/2014,7,RL,S,QUEMON,33
SCrk113E,2/3/2014,9,RL,S,QUEMON,41
SCrk113E,2/3/2014,13,RL,S,QUEMON,16.6
SCrk113E,2/3/2014,16,RL,S,QUEMON,10.7
SCrk113E,2/3/2014,17,RL,S,QUEMON,27.8
SCrk113E,2/3/2014,22,RL,S,QUEMON,11
SCrk113E,2/3/2014,27,RL,S,QUEMON,12.8
SCrk113E,2/3/2014,37,RL,S,QUEALB,21.1
SCrk113E,2/3/2014,39,RL,S,QUEALB,23
SCrk113E,2/3/2014,49,RL,S,QUECOC,42.7
SCrk113E,2/3/2014,70,RL,S,QUEALB,16.7
SCrk112E,2/3/2014,4,RL,S,QUEALB,3.5
SCrk112E,2/3/2014,8,RL,S,QUEALB,12.1
SCrk112E,2/3/2014,9,RL,S,QUEALB,4.2
SCrk112E,2/3/2014,19,RL,S,QUEALB,10.7
SCrk112E,2/3/2014,35,RL,S,QUEALB,13
SCrk112E,2/3/2014,37,RL,S,QUEALB,13.3
SCrk112E,2/3/2014,47,RL,S,QUEMON,11.5
SCrk112E,2/3/2014,55,RL,S,QUEALB,24
SCrk112E,2/3/2014,82,RL,S,QUECOC,17.6
SCrk61W,2/3/2014,6,RL,S,QUEALB,4.6
SCrk61W,2/3/2014,7,RL,S,QUEMON,34.4
SCrk61W,2/3/2014,11,RL,S,QUEALB,21.2
SCrk61W,2/3/2014,16,RL,S,QUEALB,21.2
SCrk61W,2/3/2014,20,RL,S,QUEMON,41.4
SCrk61W,2/3/2014,26,RL,S,QUEALB,41.1
SCrk61W,2/3/2014,33,RL,S,QUEMON,47.1
SCrk61W,2/3/2014,37,RL,S,QUEALB,5.6
SCrk61W,2/3/2014,39,RL,S,QUEALB,26.7
SCrk61W,2/3/2014,40,RL,S,QUEALB,13.6
SCrk61W,2/3/2014,45,RL,S,QUEALB,32.9
SCrk61W,2/3/2014,48,RL,S,QUEMON,12
SCrk125E,4/1/2015,3,RL,S,QUEALB,19.5
SCrk125E,4/1/2015,13,RL,S,QUEALB,22.3
SCrk125E,4/1/2015,16,RL,S,QUEALB,18.5
SCrk125E,4/1/2015,19,RL,S,QUEALB,14.9
SCrk125E,4/1/2015,21,RL,S,QUECOC,59.5
SCrk125E,4/1/2015,31,RL,S,QUEVEL,25.2
SCrk125E,4/1/2015,32,RL,S,QUEALB,34.3
SCrk125E,4/1/2015,34,RL,S,QUEALB,21.7
SCrk125E,4/1/2015,40,RL,S,QUEALB,16.2
SCrk125E,4/1/2015,45,RL,S,QUECOC,39.5
SCrk125E,4/1/2015,54,RL,S,QUEVEL,35.5
SCrk125E,4/1/2015,61,RL,S,QUEVEL,19.9
SCrk125E,4/1/2015,68,RL,S,QUECOC,26.5
SCrk125E,4/1/2015,71,RL,S,QUEALB,27.8
PFPP-INT6,11/3/2014,8,RL,S,QUERUB,46.5
EAB_02,4/18/2013,16,IL,S,QUEALB,45
EAB_02,4/18/2013,23,IL,S,QUECOC,21.9
EAB_02,4/18/2013,48,IL,S,QUEALB,15
PLOT100,9/13/2011,101,IL,S,QUEVEL,37
PLOT100,9/13/2011,105,IL,S,QUEALB,16.8
PLOT100,9/13/2011,109,IL,S,QUEVEL,22
PLOT100,9/13/2011,115,IL,S,QUEVEL,30.6
PLOT100,9/13/2011,117,IL,S,QUEMON,24.6
PLOT100,9/13/2011,121,IL,S,QUEALB,27.7
PLOT100,9/13/2011,123,IL,S,QUEVEL,36.7
PLOT100,9/13/2011,124,IL,S,QUEVEL,25.3
PLOT100,9/13/2011,128,IL,S,QUEMON,16
PLOT100,9/13/2011,130,IL,S,QUERUB,38.1
PLOT100,9/13/2011,132,IL,S,QUERUB,33.4
PLOT200,9/13/2011,206,IL,S,QUEVEL,44.1
PLOT200,9/13/2011,209,IL,S,QUEVEL,41
PLOT200,9/13/2011,215,IL,S,QUEALB,32.8
PLOT200,9/13/2011,216,IL,S,QUEALB,26.4
PLOT200,9/13/2011,223,IL,S,QUEALB,36.8
PLOT200,9/13/2011,227,IL,S,QUEMON,26.7
PLOT200,9/13/2011,231,IL,S,QUEALB,33.9
PLOT200,9/13/2011,233,IL,S,QUEVEL,37.4
PLOT200,9/13/2011,239,IL,S,QUEALB,22.8
PLOT200,9/13/2011,253,IL,S,QUEALB,14
PLOT200,9/13/2011,260,IL,S,QUEVEL,41.9
PLOT300,9/13/2011,314,IL,S,QUEALB,23.9
PLOT300,9/13/2011,319,IL,S,QUEALB,25
PLOT300,9/13/2011,320,IL,S,QUEVEL,32.6
PLOT300,9/13/2011,334,IL,S,QUEMON,35.6
PLOT300,9/13/2011,359,IL,S,QUERUB,26.4
PLOT300,9/13/2011,360,IL,S,QUEALB,19.5
PLOT600,9/30/2012,615,IL,S,QUERUB,6.8
PLOT600,9/30/2012,653,IL,S,FAGGRA,12.5
PLOT700,9/30/2012,767,IL,S,QUERUB,11.9
Comp15_1,3/24/2014,3,IL,S,QUEALB,13.3
Comp15_1,3/24/2014,31,IL,S,QUERUB,70.4
PFPP-EDGE1,9/10/2014,6,RL,S,FRAAME,10.2
PFPP-EDGE1,9/10/2014,17,RL,S,FRAAME,30.7
PFPP-EDGE1,9/10/2014,37,RL,S,FRAAME,20.6
PFPP-INT2,10/1/2014,17,RL,S,FRAAME,15.2
PFPP-INT2,10/1/2014,27,RL,S,FRAAME,24.8
PFPP-INT2,10/1/2014,54,RL,S,FRAAME,33.2
PFPP-INT4,10/29/2014,1,RL,S,FRAAME,37.1
PFPP-INT4,10/29/2014,2,RL,S,FRAAME,26.7
PFPP-INT4,10/29/2014,14,RL,S,FRAAME,9
PFPP-INT4,10/29/2014,19,RL,S,FRAAME,27.2
PFPP-INT4,10/29/2014,22,RL,S,FRAAME,14.4
PFPP-INT4,10/29/2014,25,RL,S,FRAAME,18.1
PFPP-INT4,10/29/2014,39,RL,S,FRAAME,12.1
PFPP-INT4,10/29/2014,41,RL,S,FRAAME,30.1
PFPP-INT4,10/29/2014,42,RL,S,FRAAME,38.7
PFPP-EDGE5,10/29/2014,16,RL,S,FRAAME,28.8
PFPP-EDGE5,10/29/2014,27,RL,S,FRAAME,32.5
PFPP-EDGE3,11/3/2014,19,RL,S,FRAAME,18.7
PFPP-INT6,11/3/2014,14,RL,S,FRAAME,21.4
PFPP-INT6,11/3/2014,34,RL,S,FRAAME,16.6
PFPP-INT6,11/3/2014,43,RL,S,FRAAME,12.4
EAB_02,4/18/2013,10,IL,S,FRAAME,34.5
EAB_02,4/18/2013,46,IL,S,FRAAME,55.7
PLOT100,9/13/2011,106,IL,S,FRAAME,51
PLOT500,9/30/2012,570,IL,S,FRAAME,6
PLOT500,9/30/2012,571,IL,S,FRAAME,6.2
PLOT500,9/30/2012,572,IL,S,FRAAME,5.2
PLOT500,9/30/2012,574,IL,S,FRAAME,4.5
PLOT500,9/30/2012,582,IL,S,FRAAME,28.8
PLOT500,9/30/2012,587,IL,S,FRAAME,26.7
PLOT600,9/30/2012,629,IL,S,FRAAME,16
PLOT600,9/30/2012,634,IL,S,FRAAME,5.8
PLOT600,9/30/2012,654,IL,S,FRAAME,36.7
PLOT600,9/30/2012,687,IL,S,FRAAME,8.2
PLOT600,9/30/2012,694,IL,S,FRAAME,6.5
PLOT700,9/30/2012,707,IL,S,FRAAME,38.4
PLOT700,9/30/2012,716,IL,S,FRAAME,19.6
PLOT700,9/30/2012,732,IL,S,FRAAME,19.6
PLOT700,9/30/2012,746,IL,S,FRAAME,34.2
PLOT700,9/30/2012,747,IL,S,FRAAME,20
PLOT700,9/30/2012,748.1,IL,M,FRAAME,15.6
PLOT700,9/30/2012,748.2,IL,M,FRAAME,15.7
PLOT700,9/30/2012,750.1,IL,M,FRAAME,33
PLOT700,9/30/2012,750.2,IL,M,FRAAME,14.1
PLOT700,9/30/2012,751,IL,S,FRAAME,36.6
PLOT800,9/30/2012,806,IL,S,FRAAME,8.8
PLOT800,9/30/2012,810,IL,S,FRAAME,15.8
PLOT800,9/30/2012,811,IL,S,FRAAME,12.6
PLOT800,9/30/2012,820,IL,S,FRAAME,7.3
PLOT800,9/30/2012,825,IL,S,FRAAME,7.8
PLOT800,9/30/2012,832,IL,S,FRAAME,9.5
PLOT800,9/30/2012,845,IL,S,FRAAME,9.5
PLOT800,9/30/2012,849,IL,S,FRAAME,5
PLOT700,9/30/2012,703,IL,M,HAMVIR,3.4
PLOT700,9/30/2012,735,IL,S,HAMVIR,4.4
PLOT700,9/30/2012,738,IL,S,HAMVIR,4.8
PLOT700,9/30/2012,758.1,IL,M,HAMVIR,3.4
PLOT700,9/30/2012,758.2,IL,M,HAMVIR,3.6
PLOT700,9/30/2012,758.3,IL,M,HAMVIR,3.8
SCrk112E,2/3/2014,80,RL,S,ROBPSE,11
PFPP-INT6,11/3/2014,5,RL,S,JUGNIG,24
SCrk114E,2/3/2014,9,RL,S,LIRTUL,20.6
SCrk114E,2/3/2014,25,RL,S,LIRTUL,11.7
SCrk114E,2/3/2014,30,RL,S,LIRTUL,4.6
SCrk114E,2/3/2014,49,RL,S,LIRTUL,8
SCrk114E,2/3/2014,51,RL,S,LIRTUL,7.5
SCrk114E,2/3/2014,53,RL,S,LIRTUL,32.1
SCrk71W,2/3/2014,5,RL,S,LIRTUL,33.4
SCrk71W,2/3/2014,14,RL,S,LIRTUL,18.5
SCrk71W,2/3/2014,15,RL,S,LIRTUL,47.5
SCrk71W,2/3/2014,18,RL,S,LIRTUL,13.8
SCrk71W,2/3/2014,23,RL,S,LIRTUL,26.9
SCrk113E,2/3/2014,1,RL,S,LIRTUL,7.7
SCrk113E,2/3/2014,32,RL,S,LIRTUL,5.8
SCrk113E,2/3/2014,43,RL,S,LIRTUL,40.3
SCrk113E,2/3/2014,44,RL,S,LIRTUL,16.6
SCrk113E,2/3/2014,50,RL,S,LIRTUL,5.6
SCrk113E,2/3/2014,69,RL,S,LIRTUL,8.5
SCrk112E,2/3/2014,6,RL,S,LIRTUL,26.7
SCrk112E,2/3/2014,13,RL,S,LIRTUL,26
SCrk112E,2/3/2014,14,RL,S,LIRTUL,37.8
SCrk112E,2/3/2014,30,RL,S,LIRTUL,38
SCrk112E,2/3/2014,33,RL,S,LIRTUL,18.5
SCrk112E,2/3/2014,62,RL,S,LIRTUL,24.1
SCrk112E,2/3/2014,64,RL,S,LIRTUL,15.9
SCrk112E,2/3/2014,75,RL,S,LIRTUL,37.9
SCrk112E,2/3/2014,109,RL,S,LIRTUL,32.3
SCrk61W,2/3/2014,18,RL,S,LIRTUL,51.4
SCrk61W,2/3/2014,25,RL,S,LIRTUL,14.2
SCrk125E,4/1/2015,26,RL,S,LIRTUL,15.7
SCrk125E,4/1/2015,72,RL,S,LIRTUL,15.9
PFPP-INT2,10/1/2014,23,RL,S,LIRTUL,7.3
PFPP-INT2,10/1/2014,38,RL,S,LIRTUL,28
PFPP-INT2,10/1/2014,39,RL,S,LIRTUL,10.2
EAB_02,4/18/2013,8.1,IL,M,MAGACU,10.9
EAB_02,4/18/2013,31,IL,S,MAGACU,16
PLOT200,9/13/2011,258,IL,S,LIRTUL,33.2
PLOT500,9/30/2012,504,IL,S,LIRTUL,36.7
PLOT500,9/30/2012,523,IL,S,LIRTUL,31.6
PLOT500,9/30/2012,583,IL,S,MAGACU,34.5
PLOT500,9/30/2012,586,IL,S,MAGACU,15.2
PLOT500,9/30/2012,590,IL,S,LIRTUL,42.6
PLOT600,9/30/2012,621,IL,S,LIRTUL,107
Comp15_1,3/24/2014,2,IL,S,LIRTUL,45
Comp15_1,3/24/2014,42,IL,S,LIRTUL,66.4
Comp15_1,3/24/2014,44,IL,S,LIRTUL,9.23
Comp15_2,3/24/2014,1,IL,S,LIRTUL,40
Comp15_2,3/24/2014,14,IL,S,LIRTUL,6.6
Comp15_2,3/24/2014,15,IL,S,LIRTUL,13.8
Comp15_2,3/24/2014,16,IL,S,LIRTUL,51.5
Comp15_2,3/24/2014,17,IL,S,LIRTUL,11.6
Comp15_2,3/24/2014,27,IL,S,LIRTUL,7.9
PFPP-EDGE5,10/29/2014,31,RL,S,OSTVIR,3.3
PFPP-EDGE5,10/29/2014,44,RL,S,OSTVIR,4.5
EAB_02,4/18/2013,1,IL,S,OSTVIR,6.8
EAB_02,4/18/2013,24,IL,S,OSTVIR,3
EAB_02,4/18/2013,26,IL,S,OSTVIR,5
PLOT500,9/30/2012,509,IL,S,OSTVIR,9.5
PLOT500,9/30/2012,511,IL,S,OSTVIR,13.2
PLOT500,9/30/2012,565,IL,S,OSTVIR,3.8
PLOT600,9/30/2012,603,IL,S,OSTVIR,10.8
PLOT600,9/30/2012,604,IL,S,OSTVIR,10.5
PLOT600,9/30/2012,616,IL,S,OSTVIR,7.3
PLOT600,9/30/2012,617,IL,S,OSTVIR,8.3
PLOT600,9/30/2012,620,IL,S,OSTVIR,6
PLOT600,9/30/2012,627,IL,S,OSTVIR,10.5
PLOT600,9/30/2012,644,IL,S,OSTVIR,5.2
PLOT600,9/30/2012,645,IL,S,OSTVIR,5.7
PLOT600,9/30/2012,647,IL,S,OSTVIR,5.6
PLOT600,9/30/2012,649,IL,S,OSTVIR,4.6
PLOT600,9/30/2012,697,IL,S,OSTVIR,7.8
PLOT700,9/30/2012,705,IL,S,OSTVIR,6.8
PLOT700,9/30/2012,719,IL,S,OSTVIR,4.7
PLOT800,9/30/2012,807,IL,S,OSTVIR,13.1
PLOT200,9/13/2011,251,IL,S,PINECH,38.8
PLOT200,9/13/2011,264,IL,S,PINECH,32
PLOT300,9/13/2011,339,IL,S,PINECH,46.3
PLOT500,9/30/2012,508,IL,S,PINVIR,24.5
PLOT500,9/30/2012,589,IL,S,PINVIR,25.1
PLOT600,9/30/2012,605,IL,S,PINVIR,28
PLOT600,9/30/2012,628,IL,S,PINVIR,17.9
PLOT800,9/30/2012,808,IL,S,PINVIR,18.2
PLOT800,9/30/2012,839,IL,S,PINVIR,33.3
PLOT800,9/30/2012,840,IL,S,PINVIR,39.6
PLOT800,9/30/2012,899,IL,S,PINVIR,21.2
PLOT100,9/13/2011,116,IL,S,PINSTR,10.9
PLOT500,9/30/2012,503,IL,S,PINSTR,81
Broyles01,7/15/2019,9,RL,S,ACERUB,8.509
Broyles01,7/15/2019,28,RL,S,ACERUB,29.591
Broyles01,7/15/2019,36,RL,S,ACERUB,14.224
Broyles01,7/15/2019,1,RL,S,OXYARB,11.938
Broyles01,7/15/2019,3,RL,S,OXYARB,18.415
Broyles01,7/15/2019,7,RL,M,OXYARB,18.161
Broyles01,7/15/2019,8,RL,M,OXYARB,20.193
Broyles01,7/15/2019,18,RL,S,OXYARB,13.081
Broyles01,7/15/2019,19,RL,M,OXYARB,4.445
Broyles01,7/15/2019,20,RL,S,OXYARB,9.398
Broyles01,7/15/2019,25,RL,S,OXYARB,20.574
Broyles01,7/15/2019,26,RL,S,OXYARB,7.62
Broyles01,7/15/2019,35,RL,S,OXYARB,6.604
Broyles01,7/15/2019,39,RL,S,OXYARB,4.572
Broyles01,7/15/2019,40,RL,S,OXYARB,18.034
Broyles01,7/15/2019,44,RL,S,OXYARB,10.033
Broyles01,7/15/2019,46,RL,S,OXYARB,11.938
Broyles01,7/15/2019,33,RL,S,CARGLA,33.147
Broyles01,7/15/2019,14,RL,S,QUEMON,40.132
Broyles01,7/15/2019,21,RL,M,QUEMON,36.068
Broyles01,7/15/2019,22,RL,M,QUEMON,42.037
Broyles01,7/15/2019,24,RL,S,QUEMON,17.653
Broyles01,7/15/2019,30,RL,S,QUERUB,89.281
Broyles01,7/15/2019,32,RL,S,QUEMON,14.605
Broyles01,7/15/2019,37,RL,S,QUEMON,44.958
Broyles01,7/15/2019,27,RL,S,LIRTUL,37.465
Broyles01,7/15/2019,2,RL,S,PINSTR,45.72
Broyles01,7/15/2019,4,RL,S,PINSTR,15.494
Broyles01,7/15/2019,5,RL,S,PINSTR,15.494
Broyles01,7/15/2019,11,RL,S,PINSTR,10.16
Broyles01,7/15/2019,12,RL,S,PINSTR,48.133
Broyles01,7/15/2019,13,RL,S,PINSTR,23.368
Broyles01,7/15/2019,16,RL,S,PINSTR,12.319
Broyles01,7/15/2019,17,RL,S,PINSTR,15.494
Broyles01,7/15/2019,29,RL,S,PINSTR,9.779
Broyles01,7/15/2019,31,RL,S,PINSTR,8.001
Broyles01,7/15/2019,38,RL,S,PINSTR,14.351
Broyles01,7/15/2019,41,RL,S,PINSTR,5.08
Broyles01,7/15/2019,42,RL,S,PINSTR,18.415
Broyles01,7/15/2019,47,RL,S,PINSTR,10.414
Broyles02,1/18/2020,601,IL,M,ACERUB,59.436
Broyles02,1/18/2020,602,IL,M,ACERUB,14.478
Broyles02,1/18/2020,603,IL,M,ACERUB,3.556
Broyles02,1/18/2020,622,IL,S,ACERUB,19.685
Broyles02,1/18/2020,626,IL,M,ACERUB,51.435
Broyles02,1/18/2020,627,IL,M,ACERUB,25.781
Broyles02,1/18/2020,629,IL,S,ACERUB,19.685
Broyles02,1/18/2020,640,IL,S,ACERUB,27.305
Broyles02,1/18/2020,642,IL,S,ACERUB,49.911
Broyles02,1/18/2020,645,IL,S,ACERUB,40.513
Broyles02,1/18/2020,604,IL,S,PRUSER,9.017
Broyles02,1/18/2020,608,IL,S,PRUSER,3.937
Broyles02,1/18/2020,610,IL,S,PRUSER,5.842
Broyles02,1/18/2020,617,IL,M,PRUSER,4.445
Broyles02,1/18/2020,618,IL,M,PRUSER,5.588
Broyles02,1/18/2020,621,IL,S,NYSSYL,3.937
Broyles02,1/18/2020,630,IL,S,PRUSER,3.302
Broyles02,1/18/2020,632,IL,S,PRUSER,6.35
Broyles02,1/18/2020,636,IL,S,NYSSYL,3.302
Broyles02,1/18/2020,647,IL,S,NYSSYL,3.302
Broyles02,1/18/2020,609,IL,S,CARGLA,3.302
Broyles02,1/18/2020,611,IL,S,CARGLA,3.302
Broyles02,1/18/2020,612,IL,S,CARGLA,4.064
Broyles02,1/18/2020,620,IL,S,QUEALB,35.306
Broyles02,1/18/2020,639,IL,S,FAGGRA,10.287
Broyles02,1/18/2020,638,IL,S,ROBPSE,18.923
Broyles02,1/18/2020,613,IL,S,LIRTUL,12.446
Broyles02,1/18/2020,614,IL,S,LIRTUL,29.21
Broyles02,1/18/2020,615,IL,S,LIRTUL,8.128
Broyles02,1/18/2020,616,IL,S,LIRTUL,3.048
Broyles02,1/18/2020,619,IL,S,LIRTUL,5.588
Broyles02,1/18/2020,623,IL,S,LIRTUL,32.893
Broyles02,1/18/2020,625,IL,S,LIRTUL,11.938
Broyles02,1/18/2020,628,IL,S,LIRTUL,14.605
Broyles02,1/18/2020,631,IL,S,LIRTUL,17.145
Broyles02,1/18/2020,633,IL,M,LIRTUL,6.604
Broyles02,1/18/2020,634,IL,M,LIRTUL,26.797
Broyles02,1/18/2020,635,IL,S,LIRTUL,3.302
Broyles02,1/18/2020,637,IL,S,LIRTUL,15.494
Broyles02,1/18/2020,643,IL,S,LIRTUL,6.985
Broyles02,1/18/2020,644,IL,S,LIRTUL,6.985
Broyles02,1/18/2020,646,IL,S,LIRTUL,9.906
Broyles02,1/18/2020,607,IL,S,PINSTR,12.7
Broyles03,1/25/2020,652,IL,S,ACERUB,4.826
Broyles03,1/25/2020,657,IL,S,ACERUB,4.064
Broyles03,1/25/2020,670,IL,S,ACERUB,7.62
Broyles03,1/25/2020,672,IL,S,ACERUB,5.08
Broyles03,1/25/2020,674,IL,S,ACERUB,3.302
Broyles03,1/25/2020,675,IL,S,ACERUB,6.604
Broyles03,1/25/2020,678,IL,S,ACERUB,4.572
Broyles03,1/25/2020,679,IL,S,ACERUB,4.318
Broyles03,1/25/2020,691,IL,S,ACERUB,5.207
Broyles03,1/25/2020,697,IL,S,ACERUB,6.223
Broyles03,1/25/2020,699,IL,S,ACERUB,3.302
Broyles03,1/25/2020,700,IL,S,ACERUB,5.715
Broyles03,1/25/2020,805,IL,S,ACERUB,5.08
Broyles03,1/25/2020,815,IL,S,ACERUB,5.969
Broyles03,1/25/2020,817,IL,S,ACERUB,3.302
Broyles03,1/25/2020,818,IL,S,ACERUB,4.572
Broyles03,1/25/2020,650,IL,S,OXYARB,5.334
Broyles03,1/25/2020,667,IL,S,OXYARB,4.572
Broyles03,1/25/2020,669,IL,S,OXYARB,6.477
Broyles03,1/25/2020,682,IL,S,OXYARB,5.08
Broyles03,1/25/2020,683,IL,S,OXYARB,3.81
Broyles03,1/25/2020,694,IL,S,OXYARB,7.874
Broyles03,1/25/2020,696,IL,S,OXYARB,3.937
Broyles03,1/25/2020,802,IL,S,OXYARB,6.604
Broyles03,1/25/2020,809,IL,S,OXYARB,3.302
Broyles03,1/25/2020,810,IL,S,OXYARB,10.922
Broyles03,1/25/2020,813,IL,S,OXYARB,5.588
Broyles03,1/25/2020,821,IL,S,OXYARB,6.096
Broyles03,1/25/2020,823,IL,S,OXYARB,5.08
Broyles03,1/25/2020,824,IL,S,OXYARB,6.096
Broyles03,1/25/2020,692,IL,S,CARGLA,3.048
Broyles03,1/25/2020,827,IL,S,CARTOM,3.302
Broyles03,1/25/2020,659,IL,S,CASDEN,3.556
Broyles03,1/25/2020,676,IL,S,FRAAME,5.715
Broyles03,1/25/2020,654,IL,S,LIRTUL,5.842
Broyles03,1/25/2020,655,IL,S,LIRTUL,3.81
Broyles03,1/25/2020,661,IL,S,LIRTUL,6.35
Broyles03,1/25/2020,673,IL,S,LIRTUL,4.826
Broyles03,1/25/2020,677,IL,S,LIRTUL,4.572
Broyles03,1/25/2020,680,IL,S,LIRTUL,4.572
Broyles03,1/25/2020,681,IL,S,LIRTUL,3.048
Broyles03,1/25/2020,689,IL,S,LIRTUL,5.842
Broyles03,1/25/2020,693,IL,S,LIRTUL,20.828
Broyles03,1/25/2020,807,IL,S,LIRTUL,4.318
Broyles03,1/25/2020,648,IL,S,PINSTR,51.943
Broyles03,1/25/2020,651,IL,S,PINSTR,38.481
Broyles03,1/25/2020,653,IL,M,PINSTR,57.658
Broyles03,1/25/2020,658,IL,S,PINSTR,25.781
Broyles03,1/25/2020,660,IL,S,PINSTR,40.005
Broyles03,1/25/2020,662,IL,S,PINSTR,25.019
Broyles03,1/25/2020,666,IL,S,PINSTR,64.389
Broyles03,1/25/2020,668,IL,S,PINSTR,70.485
Broyles03,1/25/2020,685,IL,S,PINSTR,44.704
Broyles03,1/25/2020,698,IL,S,PINSTR,94.615
Broyles03,1/25/2020,808,IL,S,PINSTR,41.021
Broyles03,1/25/2020,811,IL,S,PINSTR,12.7
Broyles03,1/25/2020,812,IL,S,PINSTR,4.572
Broyles03,1/25/2020,814,IL,S,PINSTR,46.101
Broyles03,1/25/2020,819,IL,S,PINSTR,10.16
Broyles03,1/25/2020,822,IL,S,PINSTR,59.69
